[
  {
  "id": "1",
  "code": "101",
  "title": "Class01",
  "slug": "Class01",
  "summary": "non et atque\noccaecati deserunt quas accusantium unde odit nobis qui voluptatem\nquia voluptas consequuntur itaque dolor\net qui rerum deleniti ut occaecati",
  "photoUrl": "./img/no01.png",
  "topics": [
    {
      "topic": {
        "id": "0101",
        "slug": "itemno011",
        "title": "클래스 타이틀01",
        "summary": "Class01 non et atque\noccaecati deserunt quas accusantium unde odit nobis qui voluptatem\nquia voluptas consequuntur itaque dolor\net qui rerum deleniti ut occaecati"
      }
    },
    {
      "topic": {
        "id": "0102",
        "slug": "itemno012",
        "title": "클래스 타이틀01",
        "summary": "Class01 doloribus at sed quis culpa deserunt consectetur qui praesentium\naccusamus fugiat dicta\nvoluptatem rerum ut voluptate autem\nvoluptatem repellendus aspernatur dolorem in"
      }
    },
    {
      "topic": {
        "id": "0103",
        "slug": "itemno013",
        "title": "클래스 타이틀01",
        "summary": "Class01 laudantium enim quasi est quidem magnam voluptate ipsam eos\ntempora quo necessitatibus\ndolor quam autem quasi\nreiciendis et nam sapiente accusantium"
      }
    }
  ]
},
{
  "id": "2",
  "code": "102",
  "title": "Class02",
  "slug": "Class02",
  "summary": "non et atque\noccaecati deserunt quas accusantium unde odit nobis qui voluptatem\nquia voluptas consequuntur itaque dolor\net qui rerum deleniti ut occaecati",
  "photoUrl": "./img/no02.png",
  "topics": [
    {
      "topic": {
        "id": "0201",
        "slug": "itemno021",
        "title": "클래스 타이틀01",
        "summary": "Class02 non et atque\noccaecati deserunt quas accusantium unde odit nobis qui voluptatem\nquia voluptas consequuntur itaque dolor\net qui rerum deleniti ut occaecati"
      }
    },
    {
      "topic": {
        "id": "0202",
        "slug": "itemno022",
        "title": "클래스 타이틀02",
        "summary": "Class02 doloribus at sed quis culpa deserunt consectetur qui praesentium\naccusamus fugiat dicta\nvoluptatem rerum ut voluptate autem\nvoluptatem repellendus aspernatur dolorem in"
      }
    },
    {
      "topic": {
        "id": "0203",
        "slug": "itemno023",
        "title": "클래스 타이틀02",
        "summary": "Class02 laudantium enim quasi est quidem magnam voluptate ipsam eos\ntempora quo necessitatibus\ndolor quam autem quasi\nreiciendis et nam sapiente accusantium"
      }
    }
  ]
},
{
  "id": "3",
  "code": "103",
  "title": "Class03",
  "slug": "Class03",
  "summary": "non et atque\noccaecati deserunt quas accusantium unde odit nobis qui voluptatem\nquia voluptas consequuntur itaque dolor\net qui rerum deleniti ut occaecati",
  "photoUrl": "./img/no03.png",
  "topics": [
    {
      "topic": {
        "id": "0301",
        "slug": "itemno031",
        "title": "클래스 타이틀03",
        "summary": "Class03 non et atque\noccaecati deserunt quas accusantium unde odit nobis qui voluptatem\nquia voluptas consequuntur itaque dolor\net qui rerum deleniti ut occaecati"
      }
    },
    {
      "topic": {
        "id": "0302",
        "slug": "itemno032",
        "title": "클래스 타이틀03",
        "summary": "Class03 doloribus at sed quis culpa deserunt consectetur qui praesentium\naccusamus fugiat dicta\nvoluptatem rerum ut voluptate autem\nvoluptatem repellendus aspernatur dolorem in"
      }
    },
    {
      "topic": {
        "id": "0303",
        "slug": "itemno033",
        "title": "클래스 타이틀03",
        "summary": "Class03 laudantium enim quasi est quidem magnam voluptate ipsam eos\ntempora quo necessitatibus\ndolor quam autem quasi\nreiciendis et nam sapiente accusantium"
      }
    }
  ]
},
{
  "id": "4",
  "code": "101",
  "title": "Class04",
  "slug": "Class04",
  "summary": "non et atque\noccaecati deserunt quas accusantium unde odit nobis qui voluptatem\nquia voluptas consequuntur itaque dolor\net qui rerum deleniti ut occaecati",
  "photoUrl": "./img/no04.png",
  "topics": [
    {
      "topic": {
        "id": "0401",
        "slug": "itemno041",
        "title": "클래스 타이틀04",
        "summary": "Class04 non et atque\noccaecati deserunt quas accusantium unde odit nobis qui voluptatem\nquia voluptas consequuntur itaque dolor\net qui rerum deleniti ut occaecati"
      }
    },
    {
      "topic": {
        "id": "0402",
        "slug": "itemno042",
        "title": "클래스 타이틀01",
        "summary": "Class01 doloribus at sed quis culpa deserunt consectetur qui praesentium\naccusamus fugiat dicta\nvoluptatem rerum ut voluptate autem\nvoluptatem repellendus aspernatur dolorem in"
      }
    },
    {
      "topic": {
        "id": "0403",
        "slug": "itemno043",
        "title": "클래스 타이틀04",
        "summary": "Class04 laudantium enim quasi est quidem magnam voluptate ipsam eos\ntempora quo necessitatibus\ndolor quam autem quasi\nreiciendis et nam sapiente accusantium"
      }
    }
  ]
},
{
  "id": "5",
  "code": "105",
  "title": "Class05",
  "slug": "Class05",
  "summary": "non et atque\noccaecati deserunt quas accusantium unde odit nobis qui voluptatem\nquia voluptas consequuntur itaque dolor\net qui rerum deleniti ut occaecati",
  "photoUrl": "./img/no05.png",
  "topics": [
    {
      "topic": {
        "id": "0501",
        "slug": "itemno052",
        "title": "클래스 타이틀05",
        "summary": "Class01 non et atque\noccaecati deserunt quas accusantium unde odit nobis qui voluptatem\nquia voluptas consequuntur itaque dolor\net qui rerum deleniti ut occaecati"
      }
    },
    {
      "topic": {
        "id": "0502",
        "slug": "itemno053",
        "title": "클래스 타이틀05",
        "summary": "Class01 doloribus at sed quis culpa deserunt consectetur qui praesentium\naccusamus fugiat dicta\nvoluptatem rerum ut voluptate autem\nvoluptatem repellendus aspernatur dolorem in"
      }
    }
  ]
},
{
  "id": "6",
  "code": "106",
  "title": "Class06",
  "slug": "Class06",
  "summary": "non et atque\noccaecati deserunt quas accusantium unde odit nobis qui voluptatem\nquia voluptas consequuntur itaque dolor\net qui rerum deleniti ut occaecati",
  "photoUrl": "./img/no06.png",
  "topics": [
    {
      "topic": {
        "id": "0601",
        "slug": "itemno061",
        "title": "클래스 타이틀06",
        "summary": "Class01 non et atque\noccaecati deserunt quas accusantium unde odit nobis qui voluptatem\nquia voluptas consequuntur itaque dolor\net qui rerum deleniti ut occaecati"
      }
    },
    {
      "topic": {
        "id": "0602",
        "slug": "itemno062",
        "title": "클래스 타이틀06",
        "summary": "Class01 doloribus at sed quis culpa deserunt consectetur qui praesentium\naccusamus fugiat dicta\nvoluptatem rerum ut voluptate autem\nvoluptatem repellendus aspernatur dolorem in"
      }
    },
    {
      "topic": {
        "id": "0603",
        "slug": "itemno063",
        "title": "클래스 타이틀06",
        "summary": "Class01 laudantium enim quasi est quidem magnam voluptate ipsam eos\ntempora quo necessitatibus\ndolor quam autem quasi\nreiciendis et nam sapiente accusantium"
      }
    }
  ]
},
{
  "id": "7",
  "code": "107",
  "title": "Class07",
  "slug": "Class07",
  "summary": "non et atque\noccaecati deserunt quas accusantium unde odit nobis qui voluptatem\nquia voluptas consequuntur itaque dolor\net qui rerum deleniti ut occaecati",
  "photoUrl": "./img/no07.png",
  "topics": [
    {
      "topic": {
        "id": "0701",
        "slug": "itemno071",
        "title": "클래스 타이틀07",
        "summary": "Class01 non et atque\noccaecati deserunt quas accusantium unde odit nobis qui voluptatem\nquia voluptas consequuntur itaque dolor\net qui rerum deleniti ut occaecati"
      }
    },
    {
      "topic": {
        "id": "0702",
        "slug": "itemno072",
        "title": "클래스 타이틀017",
        "summary": "Class01 doloribus at sed quis culpa deserunt consectetur qui praesentium\naccusamus fugiat dicta\nvoluptatem rerum ut voluptate autem\nvoluptatem repellendus aspernatur dolorem in"
      }
    },
    {
      "topic": {
        "id": "0703",
        "slug": "itemno073",
        "title": "클래스 타이틀07",
        "summary": "Class01 laudantium enim quasi est quidem magnam voluptate ipsam eos\ntempora quo necessitatibus\ndolor quam autem quasi\nreiciendis et nam sapiente accusantium"
      }
    }
  ]
},
{
  "id": "8",
  "code": "108",
  "title": "Class08",
  "slug": "Class08",
  "summary": "non et atque\noccaecati deserunt quas accusantium unde odit nobis qui voluptatem\nquia voluptas consequuntur itaque dolor\net qui rerum deleniti ut occaecati",
  "photoUrl": "./img/no08.png",
  "topics": [
    {
      "topic": {
        "id": "0801",
        "slug": "itemno081",
        "title": "클래스 타이틀08",
        "summary": "Class01 non et atque\noccaecati deserunt quas accusantium unde odit nobis qui voluptatem\nquia voluptas consequuntur itaque dolor\net qui rerum deleniti ut occaecati"
      }
    },
    {
      "topic": {
        "id": "0802",
        "slug": "itemno082",
        "title": "클래스 타이틀08",
        "summary": "Class01 doloribus at sed quis culpa deserunt consectetur qui praesentium\naccusamus fugiat dicta\nvoluptatem rerum ut voluptate autem\nvoluptatem repellendus aspernatur dolorem in"
      }
    },
    {
      "topic": {
        "id": "0803",
        "slug": "itemno083",
        "title": "클래스 타이틀08",
        "summary": "Class01 laudantium enim quasi est quidem magnam voluptate ipsam eos\ntempora quo necessitatibus\ndolor quam autem quasi\nreiciendis et nam sapiente accusantium"
      }
    }
  ]
},
{
  "id": "9",
  "code": "109",
  "title": "Class09",
  "slug": "Class09",
  "summary": "non et atque\noccaecati deserunt quas accusantium unde odit nobis qui voluptatem\nquia voluptas consequuntur itaque dolor\net qui rerum deleniti ut occaecati",
  "photoUrl": "./img/no09.png",
  "topics": [
    {
      "topic": {
        "id": "0901",
        "slug": "itemno091",
        "title": "클래스 타이틀01",
        "summary": "Class01 non et atque\noccaecati deserunt quas accusantium unde odit nobis qui voluptatem\nquia voluptas consequuntur itaque dolor\net qui rerum deleniti ut occaecati"
      }
    },
    {
      "topic": {
        "id": "0902",
        "slug": "itemno092",
        "title": "클래스 타이틀09",
        "summary": "Class01 doloribus at sed quis culpa deserunt consectetur qui praesentium\naccusamus fugiat dicta\nvoluptatem rerum ut voluptate autem\nvoluptatem repellendus aspernatur dolorem in"
      }
    },
    {
      "topic": {
        "id": "0903",
        "slug": "itemno093",
        "title": "클래스 타이틀09",
        "summary": "Class01 laudantium enim quasi est quidem magnam voluptate ipsam eos\ntempora quo necessitatibus\ndolor quam autem quasi\nreiciendis et nam sapiente accusantium"
      }
    }
  ]
},
{
  "id": "10",
  "code": "110",
  "title": "Class10",
  "slug": "Class10",
  "summary": "non et atque\noccaecati deserunt quas accusantium unde odit nobis qui voluptatem\nquia voluptas consequuntur itaque dolor\net qui rerum deleniti ut occaecati",
  "photoUrl": "./img/no10.png",
  "topics": [
    {
      "topic": {
        "id": "1001",
        "slug": "itemno101",
        "title": "클래스 타이틀10",
        "summary": "Class10 non et atque\noccaecati deserunt quas accusantium unde odit nobis qui voluptatem\nquia voluptas consequuntur itaque dolor\net qui rerum deleniti ut occaecati"
      }
    },
    {
      "topic": {
        "id": "1002",
        "slug": "itemno102",
        "title": "클래스 타이틀10",
        "summary": "Class10 doloribus at sed quis culpa deserunt consectetur qui praesentium\naccusamus fugiat dicta\nvoluptatem rerum ut voluptate autem\nvoluptatem repellendus aspernatur dolorem in"
      }
    },
    {
      "topic": {
        "id": "1003",
        "slug": "itemno103",
        "title": "클래스 타이틀10",
        "summary": "Class10 laudantium enim quasi est quidem magnam voluptate ipsam eos\ntempora quo necessitatibus\ndolor quam autem quasi\nreiciendis et nam sapiente accusantium"
      }
    }
  ]
},
{
  "id": "11",
  "code": "111",
  "title": "Class11",
  "slug": "Class11",
  "summary": "non et atque\noccaecati deserunt quas accusantium unde odit nobis qui voluptatem\nquia voluptas consequuntur itaque dolor\net qui rerum deleniti ut occaecati",
  "photoUrl": "./img/no11.png",
  "topics": [
    {
      "topic": {
        "id": "1101",
        "slug": "itemno111",
        "title": "클래스 타이틀11",
        "summary": "Class11 non et atque\noccaecati deserunt quas accusantium unde odit nobis qui voluptatem\nquia voluptas consequuntur itaque dolor\net qui rerum deleniti ut occaecati"
      }
    },
    {
      "topic": {
        "id": "1101",
        "slug": "itemno112",
        "title": "클래스 타이틀11",
        "summary": "Class01 doloribus at sed quis culpa deserunt consectetur qui praesentium\naccusamus fugiat dicta\nvoluptatem rerum ut voluptate autem\nvoluptatem repellendus aspernatur dolorem in"
      }
    },
    {
      "topic": {
        "id": "1101",
        "slug": "itemno113",
        "title": "클래스 타이틀11",
        "summary": "Class01 laudantium enim quasi est quidem magnam voluptate ipsam eos\ntempora quo necessitatibus\ndolor quam autem quasi\nreiciendis et nam sapiente accusantium"
      }
    }
  ]
},
{
  "id": "12",
  "code": "112",
  "title": "Class12",
  "slug": "Class12",
  "summary": "non et atque\noccaecati deserunt quas accusantium unde odit nobis qui voluptatem\nquia voluptas consequuntur itaque dolor\net qui rerum deleniti ut occaecati",
  "photoUrl": "./img/no12.png",
  "topics": [
    {
      "topic": {
        "id": "1201",
        "slug": "itemno121",
        "title": "클래스 타이틀12",
        "summary": "Class01 non et atque\noccaecati deserunt quas accusantium unde odit nobis qui voluptatem\nquia voluptas consequuntur itaque dolor\net qui rerum deleniti ut occaecati"
      }
    },
    {
      "topic": {
        "id": "1202",
        "slug": "itemno122",
        "title": "클래스 타이틀12",
        "summary": "Class01 doloribus at sed quis culpa deserunt consectetur qui praesentium\naccusamus fugiat dicta\nvoluptatem rerum ut voluptate autem\nvoluptatem repellendus aspernatur dolorem in"
      }
    },
    {
      "topic": {
        "id": "1203",
        "slug": "itemno123",
        "title": "클래스 타이틀12",
        "summary": "Class01 laudantium enim quasi est quidem magnam voluptate ipsam eos\ntempora quo necessitatibus\ndolor quam autem quasi\nreiciendis et nam sapiente accusantium"
      }
    }
  ]
}
]